Year,State,Labor force participation,Unemployment rate,Average household size,Poverty rate,"Number of corruption convictions per 1,000,000 people",Gini coefficient,GDP per capita,Log of GDP per capita,Age,People with less than 9 years of education/people with college degree or above,Black/white,Hispanic/white,Location
2005,Alabama,61.7,4.5,2.48,13.7,5.68951,0.47300002,40829.08606,10.61715,37.4,0.2972893,0.3691249,0.0320121,south
2006,Alabama,61.5,4,2.5,12.6,11.0175,0.472,40181.42086,10.60116,37.2,0.3130323,0.37965,0.0351332,south
2007,Alabama,61.1,4,2.48,13.1,11.1281,0.47099999,40162.94165,10.6007,37.3,0.296267,0.3804643,0.0375909,south
2008,Alabama,60.6,5.7,2.5,12,3.64658,0.46700001,39747.41156,10.5903,37.4,0.2789401,0.3828507,0.0408255,south
2009,Alabama,59.7,11,2.48,13.4,4.88457,0.47099999,37807.01703,10.54025,37.4,0.2730448,0.3843096,0.0463569,south
2010,Alabama,59.5,10.5,2.57,14.7,2.92563,0.472,38088.20755,10.54766,37.8,0.2823263,0.393883,0.0570079,south
2011,Alabama,59.1,9.6,2.54,14.9,2.915,0.47350001,38531.06199,10.55922,38.1,0.2504067,0.4000218,0.0581422,south
2012,Alabama,58.1,8,2.55,14.7,2.90335,0.47260001,38634.85008,10.56191,38.2,0.2295937,0.3972534,0.0577254,south
2013,Alabama,57.7,7.2,2.59,14.3,2.89632,0.4752,38927.64712,10.56946,38.3,0.2089839,0.4007154,0.0592706,south
2014,Alabama,57.1,6.8,2.57,15,2.26833,0.47580001,38424.47864,10.55645,38.6,0.2155239,0.4029985,0.0600252,south
2015,Alabama,56.8,6.1,2.57,13.7,2.88126,0.48109999,38838.6048,10.56717,38.7,0.2003214,0.4067625,0.0601952,south
2005,Alaska,71.7,6.9,2.75,8.3,1.49937,0.42499998,70203.96009,11.15916,33.9,0.1261195,0.0510625,0.0720261,west
2006,Alaska,71.4,6.6,2.81,8.2,4.44246,0.417,72407.85015,11.19007,33.5,0.1415668,0.0459945,0.0844656,west
2007,Alaska,70.7,6.3,2.8,6.5,22.0491,0.40900001,74784.80488,11.22237,33.3,0.1484212,0.0550718,0.0852169,west
2008,Alaska,71,6.7,2.8,5.7,11.6568,0.403,74142.93032,11.21375,33,0.1089336,0.0552909,0.094632,west
2009,Alaska,70.3,7.7,2.86,6.2,1.43169,0.40200001,79942.26775,11.28906,32.6,0.1143231,0.0596027,0.0955092,west
2010,Alaska,69.8,7.9,2.7,7.2,12.6053,0.42199999,75843.70587,11.23643,33.8,0.100999,0.054041,0.0890186,west
2011,Alaska,69.3,7.6,2.71,6.9,5.53466,0.40990001,75611.22273,11.23336,33.9,0.1161704,0.0503288,0.0905257,west
2012,Alaska,68.4,7.1,2.8,7.5,5.4686,0.42320001,78843.48786,11.27522,33.8,0.105484,0.0569157,0.0948761,west
2013,Alaska,67.9,7,2.88,5.9,2.7206,0.40830001,74476.58056,11.21824,33.1,0.1104371,0.054614,0.105628,west
2014,Alaska,67.7,6.9,2.84,7.9,1.35735,0.41749999,72222.72312,11.18751,33.3,0.0969186,0.0544824,0.1082968,west
2015,Alaska,67,6.5,2.84,7,5.41688,0.43220001,72565.14579,11.19224,33.3,0.0869412,0.0578511,0.1145375,west
2005,Arizona,64.6,4.7,2.65,10.9,8.22047,0.45999998,45123.11852,10.71715,34.5,0.2687385,0.0488043,0.4757212,west
2006,Arizona,64.6,4.2,2.72,10.1,2.65378,0.454,44968.16167,10.71371,34.6,0.2777193,0.0542048,0.4915748,west
2007,Arizona,63.7,3.9,2.77,10.2,5.18834,0.44800001,44947.0316,10.71324,34.9,0.3002381,0.0577199,0.5046728,west
2008,Arizona,63.8,6.2,2.81,10.3,3.07684,0.45300001,42687.43954,10.66166,35.1,0.3006624,0.062337,0.518033,west
2009,Arizona,63.2,9.9,2.84,11.6,2.88063,0.45100001,38673.50426,10.56291,34.9,0.2768549,0.0674129,0.5391872,west
2010,Arizona,63.1,10.4,2.69,12.5,2.49465,0.45500001,40145.6753,10.60027,35.9,0.2434381,0.0712804,0.515392,west
2011,Arizona,61.7,9.5,2.69,14.1,2.7767,0.46000001,40603.11229,10.6116,36.2,0.2337871,0.0716175,0.5249438,west
2012,Arizona,60.5,8.3,2.68,13.6,5.18826,0.46079999,40939.88294,10.61986,36.6,0.2326954,0.0767599,0.529734,west
2013,Arizona,59.6,7.7,2.7,13.6,6.03626,0.46810001,40767.07299,10.61563,36.8,0.2323977,0.074113,0.5346024,west
2014,Arizona,59.9,6.8,2.71,13.2,4.30811,0.46759999,40616.10736,10.61192,36.9,0.2339924,0.0742684,0.5444558,west
2015,Arizona,60,6.1,2.71,12.5,2.63618,0.4702,40924.32874,10.61948,37.4,0.215767,0.0790805,0.5518847,west
2005,Arkansas,63.7,5.2,2.48,13.4,1.43828,0.458,38740.07992,10.56463,37,0.3724655,0.1981588,0.0610042,south
2006,Arkansas,63.7,5.2,2.48,13.1,3.54389,0.46000001,38045.19218,10.54653,37.1,0.4044376,0.20317,0.0644399,south
2007,Arkansas,63.2,5.3,2.5,13.7,2.80835,0.46200001,37447.30411,10.53069,37,0.3721047,0.2049075,0.0681042,south
2008,Arkansas,62.9,5.5,2.49,13,1.75107,0.45899999,37049.49499,10.52001,37.3,0.3658749,0.2050132,0.0729382,south
2009,Arkansas,61.7,7.8,2.49,14.8,1.03826,0.461,35483.74559,10.47683,37.1,0.3777864,0.2066487,0.0796038,south
2010,Arkansas,60.6,8.2,2.55,14.1,5.81872,0.458,36254.9064,10.49833,37.3,0.3248613,0.2133808,0.0839324,south
2011,Arkansas,60.5,8.3,2.54,14.9,2.72296,0.4684,36860.65496,10.5149,37.5,0.3067423,0.2124102,0.0871193,south
2012,Arkansas,59.2,7.6,2.51,14.6,5.08624,0.4632,36873.55845,10.51525,37.6,0.2595616,0.212091,0.0907984,south
2013,Arkansas,58.1,7.2,2.56,14.5,1.35164,0.46849999,37771.11742,10.5393,37.8,0.2696114,0.2129975,0.0932518,south
2014,Arkansas,57.6,6,2.55,13.8,1.68556,0.47139999,37994.62571,10.5452,37.8,0.2632424,0.2151613,0.0945521,south
2015,Arkansas,57.9,5,2.53,13.7,4.36505,0.47729999,38001.84537,10.54539,37.9,0.2444616,0.2158939,0.0955169,south
2005,California,65.5,5.4,2.92,10.3,2.37245,0.46299997,56411.59492,10.94043,34.4,0.354957,0.1368501,0.8199011,west
2006,California,65.4,4.9,2.93,9.7,1.80449,0.46599999,56837.97754,10.94796,34.4,0.3671376,0.1410909,0.8380774,west
2007,California,65.6,5.4,2.93,9.3,2.09653,0.46900001,57549.45822,10.9604,34.7,0.3585472,0.1414264,0.851683,west
2008,California,65.8,7.3,2.95,10,1.57794,0.47299999,57435.62302,10.95842,34.9,0.3593092,0.1462876,0.8708529,west
2009,California,65.2,11.2,2.96,10.6,1.8668,0.46700001,54826.55852,10.91193,34.9,0.3523921,0.1466778,0.8927047,west
2010,California,64.3,12.2,2.94,11.8,1.17807,0.47099999,55105.23502,10.917,35.2,0.3495871,0.1502696,0.9425103,west
2011,California,63.6,11.7,2.96,12.4,1.37961,0.48120001,55491.76998,10.92399,35.4,0.3391204,0.1510948,0.9626166,west
2012,California,63.2,10.4,2.97,12.9,2.33956,0.4822,56372.68434,10.93974,35.5,0.3275861,0.1518864,0.9754165,west
2013,California,62.8,8.9,2.97,12.6,1.64351,0.4903,57936.91354,10.96711,35.7,0.3250701,0.1524415,0.9889005,west
2014,California,62.4,7.5,2.98,12.2,2.4483,0.48899999,59530.25799,10.99424,36,0.314063,0.152176,1.009404,west
2015,California,62.1,6.2,2.97,11.3,2.14588,0.4876,61978.32462,11.03454,36.2,0.3068978,0.1537098,1.024936,west
2005,Colorado,72.3,5,2.51,8.3,2.37484,0.44799998,54981.38762,10.91475,34.7,0.1214134,0.0491117,0.2716825,west
2006,Colorado,72.4,4.3,2.52,8.4,0.847382,0.44999999,53882.44456,10.89456,35.4,0.133366,0.0502925,0.2748256,west
2007,Colorado,72.2,3.7,2.56,8.4,0.624497,0.45199999,54422.88367,10.90454,35.7,0.1224721,0.0523559,0.2791919,west
2008,Colorado,72.1,4.8,2.55,7.8,0.809806,0.45699999,54199.12265,10.90042,35.8,0.1354382,0.053643,0.2851697,west
2009,Colorado,70.9,7.3,2.57,8.9,2.78621,0.45300001,52217.34509,10.86317,35.7,0.129145,0.0550606,0.2875755,west
2010,Colorado,70.4,8.7,2.52,9.4,1.18834,0.45699999,52443.41197,10.86749,36,0.1171586,0.056148,0.296927,west
2011,Colorado,69.7,8.4,2.53,9.1,1.17261,0.45879999,52509.53231,10.86875,36.2,0.1089597,0.0570803,0.3006638,west
2012,Colorado,69,7.9,2.54,9.3,1.73491,0.45789999,52725.7906,10.87286,36.2,0.1063589,0.0606394,0.3024419,west
2013,Colorado,68.1,6.9,2.57,8.7,0.569436,0.4614,53628.1824,10.88983,36.4,0.0980094,0.0575222,0.3042594,west
2014,Colorado,67.6,5,2.57,8,0.373422,0.45840001,55081.54486,10.91657,36.3,0.107816,0.0584383,0.3078902,west
2015,Colorado,66.8,3.9,2.57,7.6,0,0.458,56429.64952,10.94075,36.4,0.0940972,0.0601537,0.311534,west
2005,Connecticut,67.1,4.9,2.56,6.2,6.84353,0.47899997,71429.76941,11.17647,39.3,0.1319062,0.1175115,0.1453471,northeast
2006,Connecticut,67.9,4.3,2.56,5.9,3.12726,0.47999999,71782.06983,11.18139,39.1,0.1429627,0.1231658,0.150117,northeast
2007,Connecticut,68.5,4.5,2.56,5.7,4.81959,0.48100001,74559.29546,11.21935,39.1,0.1324101,0.122051,0.1555956,northeast
2008,Connecticut,69,5.7,2.55,6.7,1.42806,0.486,74180.01105,11.21425,39.3,0.1332458,0.1284979,0.162739,northeast
2009,Connecticut,68.8,7.9,2.57,6.7,0.568458,0.47999999,70500.14179,11.16337,39.5,0.1310596,0.1316367,0.1695628,northeast
2010,Connecticut,68.3,9.1,2.55,7.2,1.11823,0.486,69179.51003,11.14446,40,0.1293356,0.1404487,0.1896502,northeast
2011,Connecticut,67.7,8.8,2.56,7.9,0,0.48590001,67589.64028,11.12121,40.3,0.1225687,0.1420767,0.1952467,northeast
2012,Connecticut,66.3,8.3,2.56,7.9,2.2282,0.49149999,67904.66397,11.12586,40.4,0.1121072,0.1457951,0.2032205,northeast
2013,Connecticut,65.2,7.8,2.6,7.6,3.61505,0.49939999,67039.68256,11.11304,40.5,0.1205902,0.1488099,0.2114488,northeast
2014,Connecticut,65.8,6.6,2.57,7.5,2.50231,0.50050002,66049.51718,11.09816,40.5,0.1091463,0.1507985,0.2194529,northeast
2015,Connecticut,65.8,5.7,2.59,7.4,1.6709,0.49160001,67369.65682,11.11795,40.6,0.1105139,0.1559848,0.2269792,northeast
2005,Delaware,67,4.1,2.58,7.6,2.36644,0.43299997,73264.39307,11.20183,37.9,0.1499483,0.2841006,0.0880976,south
2006,Delaware,67.1,3.6,2.59,7.6,8.14647,0.43399999,72054.64007,11.18518,37.5,0.1769964,0.2962875,0.0917485,south
2007,Delaware,66.4,3.4,2.56,7.5,5.7356,0.435,70811.02586,11.16777,37.8,0.1613566,0.2911687,0.0947914,south
2008,Delaware,65.9,4.9,2.58,6.9,8.01748,0.447,67182.62926,11.11517,38.3,0.1518771,0.3016957,0.0992303,south
2009,Delaware,63.8,8.3,2.63,7.1,1.12979,0.43399999,68243.67263,11.13084,38.2,0.1349457,0.3081837,0.1071357,south
2010,Delaware,62,8.4,2.66,8.1,1.1114,0.44,66701.98556,11.10799,38.8,0.1382252,0.325955,0.1256049,south
2011,Delaware,62.3,7.5,2.65,8,2.20474,0.4404,68365.9382,11.13263,39.1,0.1618901,0.3287288,0.1291068,south
2012,Delaware,62,7.2,2.62,8.2,3.27121,0.43560001,67578.8268,11.12105,39.2,0.1395322,0.3340162,0.1336624,south
2013,Delaware,60.9,6.7,2.66,8.5,5.40103,0.4513,63901.6205,11.0651,39.1,0.132145,0.3382219,0.136715,south
2014,Delaware,61.4,5.7,2.6,8.5,0,0.44940001,68076.68028,11.12839,39.6,0.110414,0.3420187,0.1401643,south
2015,Delaware,62.5,4.9,2.61,8.7,1.05716,0.45230001,69386.66631,11.14745,39.7,0.1222806,0.3418369,0.1430409,south
2005,Florida,62.8,3.7,2.47,9.7,2.354,0.465,46387.71777,10.74479,39.5,0.2184414,0.2353736,0.3168976,south
2006,Florida,63.5,3.2,2.49,9,4.62377,0.46700001,46122.21499,10.73905,39.8,0.2264005,0.2445892,0.3299759,south
2007,Florida,63.9,4,2.52,8.6,3.75657,0.46900001,45797.73891,10.73199,40,0.2197972,0.2451829,0.3399142,south
2008,Florida,63.7,6.3,2.54,9.5,3.60098,0.47099999,43823.69799,10.68793,40.3,0.2231432,0.2555793,0.3491367,south
2009,Florida,62.3,10.4,2.59,10.7,3.72209,0.46900001,40903.46266,10.61897,40.1,0.235468,0.2637855,0.3629908,south
2010,Florida,61.6,11.1,2.62,12,2.7596,0.47400001,40661.62289,10.61304,40.7,0.2227692,0.27539,0.3907709,south
2011,Florida,61,10,2.62,12.4,2.09891,0.48109999,40075.88256,10.59853,41.1,0.2184929,0.2788048,0.398542,south
2012,Florida,60.7,8.5,2.62,12.6,3.20951,0.48280001,39824.19814,10.59223,41.1,0.1985298,0.2832024,0.4088921,south
2013,Florida,60.3,7.2,2.65,12.4,2.50603,0.48429999,40101.13832,10.59916,41.5,0.1947721,0.2857934,0.4202286,south
2014,Florida,60,6.3,2.66,12,3.21716,0.48339999,40431.72387,10.60737,41.6,0.1919364,0.2913513,0.4331494,south
2015,Florida,59,5.5,2.66,11.3,4.09446,0.48719999,41236.9509,10.62709,41.8,0.1832823,0.2937005,0.4442872,south
2005,Georgia,68,5.3,2.66,11.6,3.58506,0.458,50507.64551,10.82988,34.3,0.2207164,0.485176,0.1187262,south
2006,Georgia,68.1,4.7,2.69,11.1,0.982982,0.461,48118.88507,10.78143,34.6,0.2401437,0.504342,0.1265486,south
2007,Georgia,68.1,4.5,2.72,10.7,0.855616,0.46399999,47466.99944,10.76779,34.8,0.2276706,0.5098577,0.1310073,south
2008,Georgia,67.8,6.2,2.71,11.1,2.47787,0.46700001,45780.33907,10.73161,35,0.2190951,0.5178079,0.1372927,south
2009,Georgia,65.6,9.9,2.75,12.7,2.54344,0.46900001,43366.82384,10.67745,34.6,0.2237733,0.522704,0.1447696,south
2010,Georgia,64.1,10.5,2.72,13.7,3.80949,0.46799999,44583.98532,10.70513,35.4,0.2132865,0.5492585,0.1581159,south
2011,Georgia,64.3,10.2,2.74,14.7,4.58472,0.477,44817.3222,10.71035,35.5,0.2121653,0.5553544,0.1617342,south
2012,Georgia,64,9.2,2.73,15,4.23389,0.48089999,44771.63184,10.70933,35.7,0.1977297,0.5610135,0.165618,south
2013,Georgia,62.9,8.2,2.74,14.5,2.70212,0.48370001,45112.7414,10.71692,35.9,0.1964106,0.5675555,0.1663449,south
2014,Georgia,61.9,7.1,2.74,14.1,4.65469,0.48010001,45958.77142,10.7355,36.1,0.1847503,0.577908,0.1684455,south
2015,Georgia,61.5,6,2.72,13,3.32848,0.48010001,46916.27926,10.75612,36.4,0.1660486,0.5832751,0.1732889,south
2005,Hawaii,65.9,2.9,2.88,7.7,33.8462,0.454,55377.02082,10.92192,38.5,0.1985184,0.0840098,0.3469758,west
2006,Hawaii,66.4,2.6,2.88,7.1,3.84615,0.43799999,54766.83013,10.91084,37.2,0.1780634,0.0849054,0.3155702,west
2007,Hawaii,65.9,2.8,2.84,5.4,0.769231,0.42199999,55471.79653,10.92363,38.1,0.1662059,0.0862657,0.3333449,west
2008,Hawaii,65.6,4.3,2.87,6,1.55256,0.428,55650.7036,10.92685,38.3,0.1616143,0.0959653,0.351491,west
2009,Hawaii,64.3,7.2,2.82,7.5,0.772095,0.42500001,53347.90569,10.88459,37.9,0.1550777,0.0908961,0.3596704,west
2010,Hawaii,62.8,6.9,2.96,7.4,0,0.433,52071.86174,10.86038,38.7,0.1628444,0.0658638,0.3917221,west
2011,Hawaii,62.5,6.8,2.97,8.6,2.18212,0.43009999,52429.25416,10.86722,38.5,0.1502594,0.0834821,0.4015724,west
2012,Hawaii,60.7,6,3.01,8.6,1.43646,0.42570001,52849.31341,10.8752,38.3,0.1432205,0.0807899,0.4155511,west
2013,Hawaii,60.7,4.9,3.02,7.1,0,0.44,52902.18916,10.8762,38.1,0.1251291,0.0939063,0.4278056,west
2014,Hawaii,61.6,4.4,3.05,7.8,2.81777,0.4325,52484.33379,10.86827,38.1,0.1304364,0.0944734,0.4403719,west
2015,Hawaii,62,3.6,3.11,6.9,3.49259,0.4346,53801.68148,10.89306,37.7,0.1291907,0.0908901,0.4559377,west
2005,Idaho,69.3,4,2.62,10.3,0.700162,0.40600002,39685.8508,10.58875,34.6,0.1950355,0.0042658,0.1045295,west
2006,Idaho,68.8,3.5,2.61,9.3,0.680888,0.421,39270.9367,10.57824,34.3,0.1912854,0.0048252,0.1097585,west
2007,Idaho,67.8,3.1,2.61,8.9,0.664408,0.43599999,39150.9513,10.57518,34.3,0.1586999,0.0065606,0.1149941,west
2008,Idaho,66.6,5.1,2.63,9.4,0.656247,0.419,39180.71733,10.57594,34.4,0.2076496,0.0061399,0.1202297,west
2009,Idaho,65.8,8.8,2.71,9.9,0.646914,0.421,36930.75678,10.5168,34.2,0.1895662,0.007845,0.1266257,west
2010,Idaho,65.3,9,2.67,11.6,0,0.433,36849.22993,10.51459,34.7,0.1725495,0.006719,0.1343079,west
2011,Idaho,64.9,8.3,2.68,11.6,1.89276,0.43200001,36465.06653,10.50411,35,0.1785359,0.0063427,0.13736,west
2012,Idaho,64.5,7.2,2.69,11.7,3.76004,0.43020001,36199.4788,10.4968,35.2,0.160679,0.0065811,0.1391188,west
2013,Idaho,63.8,6.1,2.69,10.4,2.48118,0.43759999,37112.53269,10.52171,35.7,0.1638679,0.0067844,0.1418855,west
2014,Idaho,63.6,4.8,2.71,10.2,0.611821,0.45410001,37545.16923,10.5333,35.9,0.1550845,0.008392,0.1455423,west
2015,Idaho,63.9,4.2,2.72,10.9,1.81277,0.45249999,38193.85814,10.55043,35.8,0.1434752,0.0064578,0.1461851,west
2005,Illinois,66.6,5.7,2.65,9.2,5.8684,0.45800003,55134.99988,10.91754,35.6,0.2134968,0.2193027,0.2210173,midwest
2006,Illinois,67.5,4.5,2.65,9.1,3.00538,0.46200001,54901.72238,10.9133,35.7,0.2277605,0.224897,0.2259557,midwest
2007,Illinois,68.4,5,2.63,8.8,3.46569,0.46599999,55452.93933,10.92329,35.9,0.2132294,0.2238645,0.229858,midwest
2008,Illinois,67.8,6.3,2.63,9,4.34056,0.46700001,54212.67412,10.90067,36,0.2155311,0.2261215,0.2365763,midwest
2009,Illinois,67,10.2,2.64,9.9,4.4925,0.46900001,52900.60212,10.87617,36.2,0.1985657,0.2257408,0.2367598,midwest
2010,Illinois,66.9,10.4,2.64,10.1,4.04885,0.465,54111.39115,10.8988,36.6,0.1815062,0.2284121,0.2494286,midwest
2011,Illinois,66.2,9.7,2.65,11,3.18589,0.4718,54941.81527,10.91403,36.8,0.1818626,0.2298534,0.2556694,midwest
2012,Illinois,65.9,9,2.64,10.9,3.41741,0.4716,55975.53504,10.93267,37,0.1774172,0.2289977,0.2594625,midwest
2013,Illinois,65.3,9,2.63,10.8,5.35626,0.4824,56249.92575,10.93756,37.2,0.171631,0.2271166,0.2624128,midwest
2014,Illinois,64.8,7.1,2.64,10.5,2.48436,0.4765,57001.90686,10.95084,37.5,0.1592786,0.2295308,0.2687234,midwest
2015,Illinois,64.7,6,2.62,9.8,1.47745,0.4817,57676.78316,10.96261,37.7,0.1600002,0.232074,0.27326,midwest
2005,Indiana,67.4,5.5,2.49,9,2.22979,0.43500003,46852.98502,10.75477,36.1,0.2066559,0.100483,0.0540867,midwest
2006,Indiana,67.5,5,2.52,9,1.4212,0.43200001,46134.20833,10.73931,36.3,0.2123694,0.1039117,0.0565854,midwest
2007,Indiana,66.3,4.6,2.5,8.7,3.76199,0.42899999,47188.24057,10.7619,36.5,0.1897064,0.103022,0.0591288,midwest
2008,Indiana,66.3,5.9,2.49,9.6,2.19546,0.43700001,46773.40261,10.75307,36.8,0.191592,0.1033701,0.0620664,midwest
2009,Indiana,65.1,10.3,2.52,10.7,2.80238,0.43399999,43199.31856,10.67358,36.8,0.1950112,0.1067741,0.0657208,midwest
2010,Indiana,64,10.4,2.55,11,1.84882,0.44,45470.54351,10.72482,36.9,0.183702,0.1109765,0.0736416,midwest
2011,Indiana,63.6,9.1,2.57,11.7,0.92068,0.4461,45492.82954,10.72531,37.1,0.1815156,0.1112469,0.0754386,midwest
2012,Indiana,63,8.3,2.56,11.3,4.89496,0.44170001,45516.0368,10.72582,37.3,0.1713147,0.1130919,0.0773078,midwest
2013,Indiana,63,7.7,2.55,11.9,3.50028,0.45539999,46252.4632,10.74187,37.3,0.1722369,0.113969,0.0794219,midwest
2014,Indiana,63.3,6,2.56,10.9,2.57699,0.44549999,47455.60873,10.76755,37.4,0.1566502,0.1157763,0.0803713,midwest
2015,Indiana,63.9,4.8,2.56,10.2,1.81278,0.45190001,46811.30441,10.75388,37.5,0.1515835,0.1145157,0.0830221,midwest
2005,Iowa,71.6,4.3,2.38,7.5,1.34932,0.42199999,50261.76863,10.825,38.6,0.1565836,0.0239077,0.0404787,midwest
2006,Iowa,72.3,3.7,2.38,7.3,0.670547,0.42399999,48921.38985,10.79797,37.8,0.1816891,0.0243338,0.0416248,midwest
2007,Iowa,72,3.7,2.37,7.4,3.00079,0.426,50953.56466,10.83867,38,0.1635638,0.0255848,0.0442655,midwest
2008,Iowa,72.4,4.2,2.38,7.3,2.99745,0.428,49668.19164,10.81312,38.2,0.1592141,0.0281347,0.0457322,midwest
2009,Iowa,72.3,6.4,2.37,7.7,1.32985,0.43099999,48412.82321,10.78752,38,0.1491655,0.0282577,0.0483281,midwest
2010,Iowa,71.2,6,2.41,8.2,3.6067,0.42699999,49030.11597,10.80019,38.2,0.1569295,0.035245,0.0561817,midwest
2011,Iowa,70,5.5,2.44,8.1,0.979653,0.43399999,49390.33321,10.80751,38.1,0.1437147,0.0326094,0.0566191,midwest
2012,Iowa,69.2,5,2.42,8.8,1.30116,0.43279999,51152.16004,10.84256,38,0.1227271,0.0338766,0.0593723,midwest
2013,Iowa,69.6,4.7,2.42,8.1,0.970743,0.4429,50684.73199,10.83338,38,0.11901,0.037875,0.0617229,midwest
2014,Iowa,70.3,4.2,2.42,7.9,1.28736,0.44330001,53013.93063,10.87831,38.2,0.1111625,0.0361448,0.063175,midwest
2015,Iowa,70,3.8,2.42,7.7,1.92068,0.4393,53859.81869,10.89414,38.1,0.1194881,0.0393326,0.0643127,midwest
2005,Kansas,70.9,5,2.48,8.4,1.09278,0.43800002,45916.50879,10.73458,36.1,0.1438384,0.0660046,0.1031626,midwest
2006,Kansas,70.5,4.4,2.46,8.6,0,0.44100001,46633.75901,10.75008,36.3,0.1506698,0.0679078,0.1056267,midwest
2007,Kansas,70.8,4.2,2.47,7.7,0.718448,0.44400001,48871.51547,10.79695,36.3,0.135399,0.0696524,0.1084673,midwest
2008,Kansas,71,4.6,2.45,7.7,1.78435,0.442,49482.77954,10.80938,36.2,0.1365274,0.0701073,0.1131252,midwest
2009,Kansas,71.3,6.9,2.48,9,1.41907,0.44400001,47282.23866,10.76389,35.9,0.1427138,0.0698781,0.1164896,midwest
2010,Kansas,69.8,7.1,2.52,9.5,1.74876,0.44499999,47197.20718,10.76209,36.2,0.1493736,0.0737954,0.1348312,midwest
2011,Kansas,69,6.5,2.53,9.2,3.13454,0.44420001,48258.63237,10.78433,36.3,0.1370203,0.0751421,0.1374974,midwest
2012,Kansas,68.3,5.7,2.52,9.3,2.77209,0.44960001,48677.3934,10.79297,36,0.1211814,0.0749114,0.1412978,midwest
2013,Kansas,68.1,5.3,2.53,9.6,1.38219,0.4589,48551.48207,10.79038,36,0.1291657,0.0754489,0.144589,midwest
2014,Kansas,68,4.5,2.55,9.2,0.6887,0.45969999,49295.10179,10.80558,36.2,0.1240853,0.0771891,0.1476478,midwest
2015,Kansas,67.6,4.2,2.55,8.4,0.686898,0.4596,49776.58641,10.8153,36.2,0.1201009,0.077399,0.1512467,midwest
2005,Kentucky,62.4,5.9,2.45,13.4,3.34709,0.45500001,41591.45431,10.63565,37.5,0.4639337,0.0804047,0.0193148,south
2006,Kentucky,62.5,5.7,2.48,13.1,6.39926,0.46000001,41210.97981,10.62646,37.3,0.432358,0.0829557,0.0223405,south
2007,Kentucky,62.1,5.4,2.49,13.2,9.16209,0.465,40521.17678,10.60958,37.4,0.4361563,0.0855861,0.0240493,south
2008,Kentucky,61.4,6.4,2.46,13.1,6.55854,0.46700001,40323.51191,10.60469,37.8,0.4066741,0.0845687,0.0262508,south
2009,Kentucky,61.9,10.3,2.47,14.4,9.50369,0.46399999,38250.0444,10.5519,37.7,0.3747919,0.0858862,0.0300381,south
2010,Kentucky,61.3,10.2,2.51,14.5,7.82281,0.46599999,39584.38495,10.58619,38,0.3733692,0.0895808,0.0348844,south
2011,Kentucky,61,9.4,2.54,14.7,8.69693,0.4709,39854.07749,10.59298,38.2,0.330946,0.0927345,0.0349659,south
2012,Kentucky,60.8,8.2,2.49,14.8,7.30524,0.46669999,40247.77493,10.60281,38.4,0.3201621,0.0916373,0.0356447,south
2013,Kentucky,60.3,8,2.5,14.5,3.41274,0.47209999,40813.98209,10.61678,38.5,0.2913335,0.0929921,0.0380003,south
2014,Kentucky,58.6,6.5,2.5,14.5,4.30502,0.47040001,40728.36266,10.61468,38.5,0.2964647,0.0928995,0.0385165,south
2015,Kentucky,57.5,5.3,2.5,14,2.93779,0.4781,40830.71925,10.61719,38.8,0.2642314,0.094402,0.0387798,south
2005,Louisiana,62.9,7.2,2.62,16.1,8.30305,0.472,55930.77252,10.93187,35.4,0.3296528,0.5224057,0.0453036,south
2006,Louisiana,62.2,4.5,2.66,14.4,11.3883,0.47499999,56750.51442,10.94642,35.6,0.3597569,0.5023951,0.0458429,south
2007,Louisiana,61.7,4.3,2.61,14.6,9.59873,0.47799999,54649.20793,10.90869,35.7,0.3526728,0.5069566,0.0501912,south
2008,Louisiana,62.2,4.9,2.64,13.4,8.84194,0.477,53340.97092,10.88446,35.9,0.350095,0.5156987,0.0548345,south
2009,Louisiana,60.9,6.8,2.59,13.3,9.79503,0.47299999,53130.68966,10.88051,35.6,0.3009928,0.5211478,0.0587569,south
2010,Louisiana,60.7,8,2.61,14.5,12.1033,0.47499999,54432.13634,10.90471,35.9,0.3015621,0.5312134,0.0707074,south
2011,Louisiana,59.6,7.8,2.61,16.1,11.1479,0.48359999,51162.90312,10.84277,35.9,0.2890022,0.5357822,0.0721238,south
2012,Louisiana,59.4,7.1,2.6,15.5,11.2997,0.48590001,50766.9078,10.835,36,0.2746641,0.5396053,0.0755384,south
2013,Louisiana,59.6,6.7,2.6,15.3,10.8097,0.4914,48992.86724,10.79943,36,0.2588658,0.5421897,0.0793974,south
2014,Louisiana,60.7,6.4,2.63,14.9,4.51644,0.49020001,49861.77719,10.81701,36.1,0.2484179,0.5455399,0.0813085,south
2015,Louisiana,60.5,6.3,2.61,14.7,5.78069,0.49090001,49526.83882,10.81027,36.4,0.2227299,0.5453314,0.0829692,south
2005,Maine,66.8,4.9,2.37,9,2.27481,0.41600001,41764.83515,10.63981,41.2,0.1582594,0.0069576,0.0097902,northeast
2006,Maine,66.8,4.6,2.34,8.7,3.02202,0.428,41064.9402,10.62291,41,0.161241,0.0106212,0.0100247,northeast
2007,Maine,66.3,4.7,2.35,7.9,3.01423,0.44,40996.82895,10.62125,41.7,0.1516294,0.0112859,0.012013,northeast
2008,Maine,66,5.5,2.36,8.6,6.07692,0.43599999,40959.12921,10.62033,41.9,0.1460228,0.009844,0.0106566,northeast
2009,Maine,65.4,8.1,2.35,8.3,3.79276,0.43200001,40251.39739,10.6029,42.2,0.1400702,0.0141465,0.0140659,northeast
2010,Maine,64.8,8.1,2.37,8.8,0.753258,0.43700001,40507.40193,10.60924,42.7,0.1335384,0.0120575,0.0131491,northeast
2011,Maine,64.8,7.9,2.34,9.3,3.01162,0.45089999,39970.22177,10.59589,43.2,0.1197716,0.0108611,0.0142277,northeast
2012,Maine,64.9,7.5,2.33,9.8,1.50467,0.44499999,39779.22221,10.5911,43.5,0.1058403,0.0108852,0.0147527,northeast
2013,Maine,65,6.6,2.36,9.6,1.50568,0.45320001,39527.81973,10.58476,44,0.1043249,0.0109161,0.014776,northeast
2014,Maine,64,5.6,2.35,9.7,2.25549,0.45930001,40160.93356,10.60065,44.1,0.1052697,0.0132915,0.0159262,northeast
2015,Maine,62.6,4.4,2.37,8.9,3.00904,0.45230001,40325.52814,10.60474,44.6,0.093855,0.0118931,0.0161993,northeast
2005,Maryland,68.7,4.1,2.62,6,3.03985,0.42399999,56029.29736,10.93363,37.1,0.1231445,0.479941,0.0979609,south
2006,Maryland,69,3.9,2.62,5.3,6.3973,0.433,55501.20438,10.92416,37.3,0.1189965,0.4919132,0.1027083,south
2007,Maryland,68.7,3.5,2.63,5.4,3.71457,0.442,55548.95594,10.92502,37.4,0.1206297,0.4955237,0.1091504,south
2008,Maryland,68.9,4.2,2.62,5.4,6.92275,0.43799999,56066.84956,10.9343,37.6,0.1274116,0.5019947,0.1155102,south
2009,Maryland,69,7,2.65,6.1,5.61455,0.44800001,55244.27533,10.91952,37.7,0.1247753,0.5119877,0.1277611,south
2010,Maryland,68.5,7.7,2.65,6.6,3.62946,0.44299999,56556.19361,10.94299,38,0.1302423,0.5384944,0.1498888,south
2011,Maryland,68,7.2,2.67,7.1,9.95146,0.44659999,57359.28442,10.95709,38,0.1159106,0.5459946,0.1548546,south
2012,Maryland,67.8,7,2.66,7.3,4.41834,0.44729999,56898.25774,10.94902,38.1,0.118016,0.5435227,0.1612146,south
2013,Maryland,67.5,6.6,2.68,7.1,7.92739,0.45550001,56493.45106,10.94188,38.2,0.1099857,0.5567603,0.1686967,south
2014,Maryland,66.9,5.8,2.7,7.1,6.35834,0.44909999,56673.95292,10.94507,38.3,0.1076178,0.5663097,0.1774858,south
2015,Maryland,66.9,5.1,2.69,6.7,5.16116,0.4524,57347.81371,10.95689,38.3,0.1092438,0.5682642,0.1837102,south
2005,Massachusetts,66.8,4.8,2.53,7.6,2.34255,0.45499998,63205.71479,11.05415,38.2,0.1347217,0.0695926,0.0995708,northeast
2006,Massachusetts,67,4.9,2.54,7,4.36812,0.461,61788.34293,11.03147,38.3,0.1337742,0.0718193,0.1000108,northeast
2007,Massachusetts,66.7,4.6,2.55,7.3,4.50902,0.46700001,63254.40194,11.05492,38.5,0.1298829,0.0715168,0.1033278,northeast
2008,Massachusetts,66.6,5.5,2.53,7.1,2.92399,0.47099999,63497.13082,11.05875,38.7,0.1293991,0.0797415,0.1091108,northeast
2009,Massachusetts,66.3,8.1,2.56,7,4.24655,0.46799999,61887.90229,11.03308,39,0.1271349,0.0808101,0.1129468,northeast
2010,Massachusetts,66.3,8.3,2.51,8.2,4.11758,0.47499999,64750.06607,11.07829,39.1,0.1265226,0.088589,0.1261104,northeast
2011,Massachusetts,65.5,7.3,2.51,8.3,2.88423,0.47710001,65992.07909,11.09729,39.3,0.1264838,0.0903368,0.1300147,northeast
2012,Massachusetts,65.1,6.7,2.54,8.5,1.95602,0.4813,66855.57669,11.11029,39.5,0.1188606,0.0946335,0.1346747,northeast
2013,Massachusetts,65,6.7,2.54,8.6,3.2871,0.48370001,66468.93669,11.10449,39.4,0.1218023,0.0949754,0.1408693,northeast
2014,Massachusetts,65.3,5.7,2.55,8.3,2.66848,0.48629999,67227.65671,11.11584,39.4,0.1202773,0.0959292,0.1466667,northeast
2015,Massachusetts,65.2,4.8,2.56,7.9,2.35487,0.48480001,69140.78035,11.1439,39.4,0.1093904,0.1007053,0.1528553,northeast
2005,Michigan,65.7,6.8,2.54,9.9,2.18882,0.44,45688.86989,10.72961,36.9,0.1432335,0.177916,0.0482659,midwest
2006,Michigan,65.4,7,2.54,9.6,2.49101,0.44400001,43910.99398,10.68992,37.3,0.1547259,0.1808761,0.0501181,midwest
2007,Michigan,64.4,7,2.55,10.1,1.19984,0.44800001,43800.47758,10.6874,37.6,0.1417419,0.1803833,0.0513995,midwest
2008,Michigan,63.3,8,2.56,10.5,3.29887,0.45100001,41655.97106,10.6372,38,0.148335,0.1795321,0.0534231,midwest
2009,Michigan,63.1,13.7,2.54,11.6,1.80547,0.45300001,38124.40854,10.54861,38.5,0.1522317,0.180251,0.0548907,midwest
2010,Michigan,62,12.6,2.53,12.1,3.03718,0.45100001,40590.93318,10.6113,39,0.1380834,0.1833559,0.0581421,midwest
2011,Michigan,60.4,10.4,2.56,12.5,2.43009,0.4612,41662.21992,10.63735,39.2,0.13554,0.1841931,0.0593685,midwest
2012,Michigan,60,9.1,2.53,12.6,1.72006,0.46239999,42379.92237,10.65443,39.5,0.1238596,0.1845329,0.0604651,midwest
2013,Michigan,60.4,8.8,2.52,12.3,1.92004,0.4641,42879.53708,10.66615,39.6,0.1227222,0.1834072,0.0619351,midwest
2014,Michigan,60.6,7.2,2.53,11.4,1.91728,0.4598,43441.47896,10.67917,39.6,0.1176164,0.1833396,0.0633392,midwest
2015,Michigan,60.4,5.4,2.51,11.1,0.604682,0.46669999,44374.4885,10.70042,39.7,0.1075338,0.1840815,0.0649138,midwest
2005,Minnesota,73.3,4.1,2.47,6.1,0.585983,0.42400002,56533.57565,10.94259,36.7,0.114293,0.0470897,0.0423022,midwest
2006,Minnesota,72.7,4,2.46,6.5,1.16199,0.43000001,54570.5697,10.90725,36.8,0.1252839,0.0507115,0.0439899,midwest
2007,Minnesota,72.4,4.6,2.45,6.5,0.576125,0.43599999,54488.77521,10.90575,37.1,0.1203084,0.0500449,0.0460092,midwest
2008,Minnesota,72.2,5.4,2.43,6.2,1.3409,0.44499999,54745.47523,10.91045,37.4,0.1120875,0.0517797,0.0484614,midwest
2009,Minnesota,72,7.8,2.46,7,2.46857,0.43900001,52305.66701,10.86486,37.5,0.1119903,0.0522351,0.0501817,midwest
2010,Minnesota,71.4,7.4,2.47,7.5,1.12982,0.44,53641.05471,10.89007,37.5,0.1031789,0.0620424,0.0562882,midwest
2011,Minnesota,71,6.5,2.48,7.6,1.49677,0.4436,54375.55635,10.90367,37.6,0.1010929,0.0631302,0.0581647,midwest
2012,Minnesota,70.4,5.6,2.48,7.6,0,0.44409999,54710.44933,10.90981,37.6,0.0930472,0.0648969,0.0596674,midwest
2013,Minnesota,70.1,5,2.49,7.2,1.10693,0.44620001,55463.47639,10.92348,37.7,0.0925274,0.0663638,0.0601275,midwest
2014,Minnesota,69.9,4.2,2.5,7.5,0.916225,0.45390001,56475.37605,10.94156,37.8,0.0864228,0.070415,0.0623032,midwest
2015,Minnesota,70,3.7,2.49,6.3,0.728651,0.4492,56713.63857,10.94577,37.9,0.0873773,0.0721056,0.0634991,midwest
2005,Mississippi,61.5,7.5,2.61,16.8,1.72061,0.46199998,33719.1094,10.42582,35.5,0.4007629,0.6062794,0.0255262,south
2006,Mississippi,60,6.5,2.62,16.8,2.40966,0.47099999,33584.16651,10.42181,35.4,0.4133489,0.6292009,0.0268708,south
2007,Mississippi,60,6.1,2.61,16.3,8.53723,0.47999999,34330.86216,10.4438,35.4,0.3930239,0.635374,0.0305851,south
2008,Mississippi,59.8,6.6,2.59,17,5.78503,0.47799999,35522.08874,10.47791,35.5,0.3766753,0.6397411,0.0339097,south
2009,Mississippi,57.7,9.5,2.6,17.3,5.08131,0.47,33693.49261,10.42506,35.1,0.3549226,0.6375665,0.039081,south
2010,Mississippi,58.6,10.4,2.66,17.8,8.08071,0.46799999,33664.19202,10.42419,36.1,0.337151,0.6434494,0.0425974,south
2011,Mississippi,59.8,10,2.67,17.4,5.70755,0.47350001,33146.7516,10.4087,36.1,0.3311057,0.649139,0.0472078,south
2012,Mississippi,58.4,9,2.65,19.2,3.01515,0.48699999,33372.58388,10.41549,36.2,0.2771837,0.6543273,0.0466576,south
2013,Mississippi,56.2,8.5,2.66,19,6.01764,0.47909999,33305.2393,10.41347,36.6,0.3100461,0.6574752,0.046883,south
2014,Mississippi,55,7.5,2.64,16.5,6.01187,0.47600001,33209.12611,10.41058,36.7,0.2772945,0.6612412,0.0470383,south
2015,Mississippi,55.5,6.4,2.62,17,3.67606,0.47589999,33345.22958,10.41467,37,0.2774527,0.6618451,0.0502966,south
2005,Missouri,67.9,5.4,2.46,10,3.62675,0.44800001,46437.37919,10.74586,37.4,0.1986808,0.1336998,0.0318675,midwest
2006,Missouri,67.5,4.8,2.46,10,3.42307,0.449,45053.23187,10.7156,37.2,0.214709,0.136569,0.033376,midwest
2007,Missouri,66.9,5.1,2.47,9.5,3.39696,0.44999999,44974.9074,10.71386,37.5,0.1949013,0.1366662,0.0366039,midwest
2008,Missouri,66.2,6.1,2.46,9.7,5.24392,0.44800001,45775.76127,10.73151,37.6,0.182899,0.1356297,0.0384983,midwest
2009,Missouri,66.1,9.3,2.49,10.9,4.0083,0.44999999,44310.19212,10.69897,37.6,0.1787087,0.1366794,0.0412591,midwest
2010,Missouri,66,9.6,2.48,10.6,4.16929,0.45500001,44983.90329,10.71406,38,0.1715785,0.1448674,0.043914,midwest
2011,Missouri,65.6,8.5,2.49,11.5,2.32918,0.46110001,44375.376,10.70044,38,0.1506112,0.1417597,0.044558,midwest
2012,Missouri,64.8,6.9,2.48,11.7,3.48722,0.46079999,44629.93048,10.70616,38.2,0.1475152,0.1426409,0.0456857,midwest
2013,Missouri,64.4,6.7,2.48,11.5,1.65449,0.4605,44985.70268,10.7141,38.1,0.1358289,0.1424716,0.0472817,midwest
2014,Missouri,64.7,6.1,2.5,10.7,3.13346,0.4628,44985.70268,10.7141,38.5,0.129798,0.146788,0.0481299,midwest
2015,Missouri,65,5,2.49,10.2,1.80812,0.46340001,45337.50981,10.72189,38.4,0.1275976,0.1461212,0.0494802,midwest
2005,Montana,66.7,4.4,2.47,10.5,1.06371,0.40900001,40714.92452,10.61435,40.2,0.0976639,0.0049912,0.0249093,west
2006,Montana,66.7,3.5,2.47,8.6,8.39726,0.426,40683.99293,10.61359,39.5,0.1301508,0.0051725,0.0245212,west
2007,Montana,66.9,3.6,2.5,9.7,0,0.44299999,42155.05985,10.64911,39.1,0.1205479,0.0061136,0.0302046,west
2008,Montana,67,5.1,2.5,9.7,8.26925,0.449,41513.33583,10.63377,39.1,0.1031729,0.0061232,0.0321373,west
2009,Montana,65.3,6.8,2.53,9.9,7.17957,0.43099999,40346.50287,10.60526,39.3,0.1138477,0.0034468,0.0326225,west
2010,Montana,64.4,7.3,2.39,10,10.0919,0.435,40916.1447,10.61928,40.1,0.0868874,0.0055565,0.0323803,west
2011,Montana,63.9,6.9,2.4,9.7,5.00902,0.43509999,41547.80621,10.6346,39.7,0.0714338,0.0049334,0.0336123,west
2012,Montana,64,6,2.39,10.2,1.98977,0.45019999,41791.15528,10.64044,40.2,0.0697077,0.0041116,0.0358869,west
2013,Montana,63.9,5.4,2.43,11.3,4.92531,0.46200001,41799.93235,10.64065,39.6,0.0756402,0.0036454,0.0375531,west
2014,Montana,63.5,4.7,2.42,9.5,26.378,0.4544,42099.45188,10.64779,39.6,0.073872,0.0065484,0.0390607,west
2015,Montana,63.6,4.2,2.42,9.3,7.74482,0.4623,43297.4924,10.67585,39.9,0.0665714,0.005282,0.0416994,west
2005,Nebraska,73.5,3.8,2.45,8.2,2.27079,0.43100002,52077.06918,10.86048,36.2,0.1548173,0.0465981,0.0840576,midwest
2006,Nebraska,72.7,3.1,2.45,7.8,1.69234,0.43000001,51679.68277,10.85282,36,0.1562006,0.0473594,0.0868104,midwest
2007,Nebraska,72.9,3,2.46,8.2,0,0.42899999,52625.18045,10.87095,36.1,0.1494184,0.0463504,0.0881414,midwest
2008,Nebraska,73.2,3.3,2.46,6.8,4.48573,0.42699999,52465.96748,10.86792,36.3,0.1522413,0.0474103,0.0930988,midwest
2009,Nebraska,72.7,4.6,2.45,8.4,1.1132,0.44,52348.05176,10.86567,35.8,0.1574977,0.051319,0.1001226,midwest
2010,Nebraska,71.7,4.6,2.47,8.8,2.18528,0.43200001,53461.12322,10.88671,36.3,0.1416517,0.0535845,0.1118463,midwest
2011,Nebraska,71.7,4.4,2.48,9.1,1.0854,0.44670001,55535.62579,10.92478,36.3,0.1397642,0.0555426,0.1150962,midwest
2012,Nebraska,72,4,2.46,9.1,1.61679,0.4339,55115.70601,10.91719,36.3,0.1389456,0.0566463,0.1185395,midwest
2013,Nebraska,71.7,3.8,2.49,8.8,1.60555,0.4445,56214.49945,10.93693,36.3,0.1484562,0.0568583,0.1210953,midwest
2014,Nebraska,70.6,3.3,2.47,8.7,2.12596,0.43520001,56939.80863,10.94975,36.2,0.1471906,0.0585489,0.1257129,midwest
2015,Nebraska,69.9,3,2.48,8.5,1.58212,0.44729999,57838.50446,10.96541,36.1,0.128551,0.0596402,0.1297532,midwest
2005,Nevada,67.3,4.1,2.63,8.9,0,0.43099996,58663.91026,10.97958,35.2,0.3297827,0.1171702,0.3963169,west
2006,Nevada,68.2,4,2.63,7.6,1.18922,0.43399999,58187.74241,10.97143,35.6,0.3047367,0.1223129,0.4168575,west
2007,Nevada,68.6,4.5,2.65,7.5,1.53783,0.43700001,56289.87737,10.93827,35.7,0.3052458,0.1228415,0.4342385,west
2008,Nevada,69,6.7,2.69,7.9,0,0.43099999,53405.55256,10.88567,35.9,0.2987841,0.1297307,0.4512066,west
2009,Nevada,67.5,11.3,2.7,9,2.64842,0.433,48141.50626,10.7819,35.5,0.2998887,0.1378467,0.4762363,west
2010,Nevada,65.9,13.5,2.7,11.1,1.47894,0.44800001,47631.99603,10.77126,36.3,0.2887317,0.1483362,0.4926941,west
2011,Nevada,65.6,13,2.74,11.9,2.20319,0.4526,47638.1886,10.77139,36.7,0.2843207,0.1528512,0.5063338,west
2012,Nevada,64.8,11.2,2.7,12.6,2.17476,0.45159999,46410.45332,10.74528,36.8,0.2677994,0.1564706,0.5168025,west
2013,Nevada,64.1,9.6,2.75,11.6,0.716811,0.45429999,45973.48058,10.73582,37.1,0.2675622,0.161111,0.5277195,west
2014,Nevada,63.3,7.9,2.74,11,2.11335,0.4427,45669.2279,10.72918,37.4,0.2651382,0.1667311,0.5420873,west
2015,Nevada,62.9,6.8,2.74,10.9,0,0.45480001,46733.66211,10.75222,37.8,0.2710937,0.1689067,0.5568568,west
2005,New Hampshire,71.2,3.6,2.56,5.3,1.54025,0.417,50575.37112,10.83122,39.5,0.0918189,0.0085167,0.0233668,northeast
2006,New Hampshire,70.9,3.4,2.53,4.9,0,0.417,50152.31732,10.82282,39.3,0.0988387,0.0108942,0.024156,northeast
2007,New Hampshire,70.8,3.5,2.54,4.6,0,0.417,49929.13604,10.81836,39.8,0.0903168,0.0096725,0.026611,northeast
2008,New Hampshire,70.7,3.9,2.53,5,3.03995,0.419,49412.06974,10.80795,40.3,0.0951653,0.0105748,0.0282798,northeast
2009,New Hampshire,70.4,6.2,2.54,5.5,0.754959,0.43099999,48656.95318,10.79255,40.4,0.0925078,0.0135583,0.0298207,northeast
2010,New Hampshire,69.9,5.8,2.48,5.3,0.75944,0.42500001,50458.17226,10.8289,41.3,0.084076,0.0127291,0.0304392,northeast
2011,New Hampshire,69.5,5.4,2.47,5.6,0,0.43470001,50706.02405,10.8338,41.5,0.08526,0.0120859,0.0317483,northeast
2012,New Hampshire,69.4,5.5,2.47,6.7,0,0.4298,51252.00407,10.84451,41.9,0.0681932,0.0136219,0.0331065,northeast
2013,New Hampshire,69,5.1,2.47,5.1,0,0.43869999,51984.9743,10.85871,42.3,0.0828969,0.0133164,0.0345771,northeast
2014,New Hampshire,68.7,4.3,2.47,6,0,0.44100001,52361.14041,10.86592,42.5,0.0729411,0.0140591,0.0350896,northeast
2015,New Hampshire,68.5,3.4,2.49,5,0,0.43470001,53490.53493,10.88726,42.8,0.0545866,0.0175964,0.0366565,northeast
2005,New Jersey,66.2,4.5,2.71,6.8,4.50764,0.45200002,60259.77025,11.00642,38,0.1561602,0.2033737,0.2434027,northeast
2006,New Jersey,66.8,4.7,2.72,6.4,5.4262,0.458,60066.64652,11.00321,38.2,0.1773537,0.2113315,0.2512747,northeast
2007,New Jersey,66.4,4.3,2.7,6.3,7.1446,0.46399999,60651.52146,11.0129,38.4,0.162959,0.2129687,0.2570293,northeast
2008,New Jersey,67,5.3,2.69,6.2,5.64343,0.46200001,61392.9324,11.02505,38.7,0.1585127,0.2218245,0.2659921,northeast
2009,New Jersey,67.3,9.1,2.7,7,5.05298,0.465,58700.88017,10.98021,38.7,0.1638553,0.2242388,0.2740299,northeast
2010,New Jersey,66.4,9.5,2.72,7.8,5.33992,0.46399999,58692.66262,10.98007,39,0.1527845,0.2276401,0.3001639,northeast
2011,New Jersey,66,9.3,2.73,7.8,3.17419,0.46939999,57920.69348,10.96683,39.2,0.1577571,0.2290255,0.309914,northeast
2012,New Jersey,66,9.3,2.71,8.2,3.04583,0.4718,58631.65398,10.97903,39.4,0.1466524,0.2351878,0.3196497,northeast
2013,New Jersey,65.2,8.2,2.74,8.7,3.37104,0.47999999,58806.04884,10.982,39.4,0.1491642,0.2384262,0.3302363,northeast
2014,New Jersey,64.1,6.8,2.74,8.3,3.69203,0.47569999,58739.63553,10.98087,39.4,0.1382758,0.2395379,0.3417358,northeast
2015,New Jersey,64,5.8,2.75,8.1,2.56753,0.48320001,59568.36955,10.99488,39.6,0.1378102,0.2387291,0.3509752,northeast
2005,New Mexico,63.9,5.1,2.59,14.3,1.55258,0.45499998,44417.55264,10.70139,36.2,0.3059636,0.0405051,1.018169,west
2006,New Mexico,63.5,4.2,2.64,13.8,3.05789,0.45699999,43943.06071,10.69065,35.2,0.3268435,0.0432455,1.038267,west
2007,New Mexico,63,3.8,2.62,14.2,1.50748,0.45899999,43916.26361,10.69004,36,0.3362191,0.0500912,1.054134,west
2008,New Mexico,63,4.5,2.62,12.6,3.02365,0.46000001,43327.37798,10.67654,36,0.3189409,0.0548115,1.080646,west
2009,New Mexico,62,7.5,2.65,13.6,4.47834,0.45300001,43622.57192,10.68333,35.5,0.3010118,0.0526987,1.111608,west
2010,New Mexico,60,8.1,2.64,15.7,3.3883,0.46399999,42113.76812,10.64813,36.7,0.3034267,0.0485812,1.148353,west
2011,New Mexico,58.8,7.5,2.66,16.6,1.92102,0.48210001,41862.26067,10.64214,36.6,0.2842324,0.0531821,1.166435,west
2012,New Mexico,58.2,7.1,2.67,16.8,1.91797,0.47130001,42004.41455,10.64553,36.8,0.2628318,0.0518012,1.184578,west
2013,New Mexico,57.7,6.9,2.71,16.3,0.959101,0.47589999,41483.87183,10.63306,36.9,0.2801919,0.0509512,1.204468,west
2014,New Mexico,58,6.7,2.68,16.5,4.79485,0.477,42746.81634,10.66305,37.2,0.2505883,0.0511013,1.230772,west
2015,New Mexico,58,6.5,2.68,14.8,5.7551,0.4795,43579.84274,10.68235,37.4,0.2546768,0.059983,1.254545,west
2005,New York,63,5,2.62,11.1,4.28588,0.49000001,62772.97968,11.04728,37.5,0.208631,0.2402075,0.2676499,northeast
2006,New York,63,4.5,2.64,10.9,2.66951,0.495,62151.48559,11.03733,37.4,0.2228721,0.2448938,0.2699897,northeast
2007,New York,62.7,4.6,2.63,10.3,2.29978,0.5,62324.50711,11.04011,37.7,0.2255999,0.2455013,0.2728323,northeast
2008,New York,63.3,5.4,2.65,10.3,2.46276,0.50300002,60310.40972,11.00726,38,0.2279619,0.2663695,0.2790209,northeast
2009,New York,62.8,8.3,2.63,10.8,1.94458,0.50199997,62596.83521,11.04447,38.1,0.2152803,0.2631166,0.2807176,northeast
2010,New York,62.4,8.6,2.61,11.5,1.90797,0.49900001,65463.62998,11.08925,38,0.216304,0.267094,0.3042638,northeast
2011,New York,61.5,8.3,2.63,12.3,2.67144,0.50330001,65205.55867,11.0853,38.1,0.2072287,0.2697545,0.3106519,northeast
2012,New York,61.8,8.5,2.62,12.2,2.91258,0.50089997,67574.09645,11.12098,38.1,0.1996761,0.2713517,0.3165153,northeast
2013,New York,61.8,7.7,2.64,12.1,1.32308,0.50980002,67136.28924,11.11448,38.2,0.1984775,0.2753179,0.3224435,northeast
2014,New York,60.7,6.3,2.63,12.2,2.07635,0.51109999,68276.43745,11.13132,38.2,0.1933579,0.2781307,0.3299912,northeast
2015,New York,60.8,5.3,2.66,11.6,3.43507,0.51380002,69160.83409,11.14419,38.3,0.1890346,0.2788322,0.3370956,northeast
2005,North Carolina,65.7,5.2,2.47,11.7,1.49332,0.45100001,48447.20852,10.78823,36.2,0.2522718,0.3048615,0.0926494,south
2006,North Carolina,66.1,4.7,2.49,10.7,2.69141,0.458,48844.15508,10.79639,36.6,0.2647377,0.313014,0.0995763,south
2007,North Carolina,65.6,4.7,2.48,10.6,2.85149,0.465,48166.54635,10.78242,36.8,0.2395298,0.3132082,0.1046843,south
2008,North Carolina,65,6.1,2.49,10.9,1.84334,0.463,48460.29103,10.7885,37,0.2418584,0.3163766,0.110311,south
2009,North Carolina,64.2,10.6,2.49,11.9,0.959398,0.46399999,45529.69366,10.72612,36.9,0.2233254,0.3153628,0.1144553,south
2010,North Carolina,63.3,10.9,2.53,13.3,1.88254,0.46399999,45327.98993,10.72168,37.3,0.2119931,0.3291202,0.1291871,south
2011,North Carolina,62.5,10.3,2.55,13.2,1.34626,0.4716,45471.45293,10.72484,37.7,0.2129193,0.3337345,0.1321345,south
2012,North Carolina,62.4,9.3,2.55,13.4,0.410169,0.4691,45074.41186,10.71607,37.8,0.2106041,0.3349856,0.1342696,south
2013,North Carolina,61.8,8,2.55,13.1,1.92931,0.4765,45223.40312,10.71937,37.9,0.1917641,0.3353852,0.1370816,south
2014,North Carolina,61.1,6.3,2.56,12.8,0.804508,0.47479999,45618.56318,10.72807,38.3,0.1751732,0.3387675,0.1400429,south
2015,North Carolina,61.2,5.7,2.55,11.8,1.69275,0.47760001,46575.96898,10.74884,38.4,0.1710514,0.3400966,0.1427196,south
2005,North Dakota,72.3,3.4,2.25,7.5,13.93,0.42799997,47744.06285,10.77361,39.1,0.2306919,0.0087817,0.0154356,west
2006,North Dakota,73.2,3.2,2.23,7,3.07966,0.43399999,47591.05013,10.7704,37.1,0.2409817,0.0103859,0.0162265,west
2007,North Dakota,74.1,3.1,2.25,7.5,9.19087,0.44,49502.57661,10.80978,37.1,0.2327504,0.0086792,0.0168717,west
2008,North Dakota,74.4,3.2,2.24,7.9,6.23557,0.45100001,53243.4462,10.88263,37,0.2024005,0.0106169,0.0224769,west
2009,North Dakota,73.2,4.1,2.22,6.6,0,0.44999999,54175.82204,10.89999,37,0.2038599,0.0120847,0.0219337,west
2010,North Dakota,72.6,3.8,2.32,7.8,8.89549,0.433,55888.28128,10.93111,37.4,0.1780391,0.0143374,0.0232022,west
2011,North Dakota,72.9,3.5,2.32,7.9,2.92427,0.44479999,61325.4373,11.02395,36.6,0.1700678,0.0113252,0.0246472,west
2012,North Dakota,73.2,3.1,2.32,7,2.85866,0.45969999,73389.04847,11.20353,36.2,0.1419355,0.0165565,0.0270564,west
2013,North Dakota,72.8,2.9,2.33,7,0,0.45500001,72617.41151,11.19296,35.5,0.1497187,0.0171274,0.0278907,west
2014,North Dakota,72.6,2.7,2.33,7.4,0,0.4664,76140.83527,11.24034,35.1,0.1201529,0.023236,0.0321314,west
2015,North Dakota,71.4,2.8,2.33,6.9,1.32113,0.4664,72147.65053,11.18647,34.9,0.1265106,0.0241133,0.040072,west
2005,Ohio,66.8,5.9,2.47,9.9,4.27451,0.44999999,48741.68998,10.79429,37.6,0.1459939,0.1370731,0.0273453,west
2006,Ohio,67.1,5.4,2.48,9.8,3.74525,0.449,47149.09058,10.76107,37.6,0.1566409,0.1418936,0.0279559,west
2007,Ohio,67.3,5.6,2.48,9.7,4.26068,0.44800001,47215.14553,10.76247,37.8,0.1432569,0.140964,0.0297631,west
2008,Ohio,66.8,6.4,2.48,9.8,3.22134,0.44999999,46770.12858,10.753,38.2,0.1424799,0.1422184,0.0316715,west
2009,Ohio,66,10.3,2.48,11.1,4.85157,0.45300001,44116.09673,10.69458,38.5,0.1438593,0.1438782,0.0340817,west
2010,Ohio,65.2,10.3,2.48,11.8,5.63445,0.45199999,45170.52268,10.7182,38.9,0.1338985,0.1510211,0.0379708,west
2011,Ohio,64.2,8.8,2.48,12,2.68516,0.4594,46661.28104,10.75067,39.1,0.1348024,0.1494865,0.0389663,west
2012,Ohio,63.2,7.4,2.47,12,2.16559,0.46149999,46847.363,10.75465,39.3,0.1226434,0.1517957,0.0402046,west
2013,Ohio,63.1,7.5,2.47,11.6,1.64206,0.46520001,47602.47335,10.77064,39.3,0.1215829,0.1511598,0.0412137,west
2014,Ohio,62.7,5.8,2.46,11.6,1.72501,0.4637,49193.65841,10.80352,39.4,0.1113254,0.152972,0.0429751,west
2015,Ohio,62.4,4.9,2.45,10.7,2.58322,0.4637,49707.94209,10.81392,39.3,0.1105216,0.1540993,0.0444271,west
2005,Oklahoma,64.1,4.5,2.49,13.1,5.91783,0.45700002,41669.71979,10.63753,36.5,0.2137728,0.0962739,0.0914106,south
2006,Oklahoma,63.8,4,2.5,12.8,3.61705,0.46000001,42651.59715,10.66082,36.2,0.2326991,0.1012234,0.0949862,south
2007,Oklahoma,63.5,4.1,2.5,11.9,2.47637,0.463,42977.84374,10.66844,36.1,0.2132731,0.1028786,0.1002075,south
2008,Oklahoma,63.7,3.7,2.51,11.8,6.04004,0.458,44301.33097,10.69877,36.3,0.2221441,0.1005268,0.1073669,south
2009,Oklahoma,63.6,6.4,2.5,12.1,5.96683,0.46000001,43187.65632,10.67331,35.7,0.2195785,0.1029526,0.1154276,south
2010,Oklahoma,62.4,6.8,2.55,12.7,3.72172,0.454,42328.25039,10.65321,36.3,0.1989685,0.1046862,0.1288991,south
2011,Oklahoma,61.8,5.9,2.55,12.8,6.32994,0.46129999,43558.49385,10.68186,36.3,0.2003877,0.106545,0.1344901,south
2012,Oklahoma,62.3,5.2,2.56,13.1,6.81553,0.46430001,45476.45507,10.72495,36.3,0.1917143,0.1055079,0.1377918,south
2013,Oklahoma,61.7,5.3,2.58,12.5,5.71344,0.4619,46123.59868,10.73908,36.2,0.1837673,0.1066773,0.1423524,south
2014,Oklahoma,61.1,4.5,2.58,12.2,5.67295,0.46599999,48494.71006,10.78921,36.2,0.1747769,0.1106037,0.1458828,south
2015,Oklahoma,61.7,4.4,2.59,11.7,5.11334,0.4702,49743.7447,10.81464,36.3,0.1729449,0.1102263,0.1526323,south
2005,Oregon,65.4,6.2,2.5,10.1,1.10705,0.44600001,44510.4824,10.70348,37,0.148519,0.0193998,0.1219592,west
2006,Oregon,65.5,5.3,2.5,9.2,1.63449,0.44400001,45372.43314,10.72266,37.6,0.1712558,0.0204015,0.1267997,west
2007,Oregon,65.7,5.2,2.49,8.9,2.95507,0.442,45661.46479,10.72901,37.9,0.1604529,0.0200342,0.1316316,west
2008,Oregon,65.8,6.5,2.51,9.6,0.791544,0.447,45897.68688,10.73417,38,0.1492251,0.0216757,0.1373801,west
2009,Oregon,65.7,11.3,2.52,9.8,1.30696,0.44299999,43561.97867,10.68194,38,0.1417082,0.0224412,0.1409947,west
2010,Oregon,65.4,10.6,2.49,11,0.260487,0.449,44026.63189,10.69255,38.5,0.142524,0.0234035,0.1503095,west
2011,Oregon,65,9.5,2.5,11.9,1.80792,0.45860001,44909.29195,10.7124,38.7,0.1415017,0.0232293,0.1545164,west
2012,Oregon,63.1,8.8,2.51,12.1,0.512906,0.45649999,44749.25162,10.70883,38.9,0.1231853,0.023035,0.1566601,west
2013,Oregon,61.1,7.9,2.52,11.3,0.763346,0.46000001,44733.59212,10.70848,39.1,0.1342153,0.0239009,0.1591403,west
2014,Oregon,61.2,6.8,2.53,11,1.0075,0.46239999,45838.97542,10.73289,39.3,0.1360432,0.0232741,0.1627539,west
2015,Oregon,61.6,5.6,2.54,9.9,0.744606,0.46219999,47554.41912,10.76963,39.1,0.11457,0.0249723,0.1660599,west
2005,Pennsylvania,64.4,5,2.46,8.6,4.57831,0.45000002,49089.96922,10.80141,39.7,0.1501288,0.1190635,0.0489134,northeast
2006,Pennsylvania,64.4,4.6,2.47,8.2,5.35537,0.45500001,47588.67063,10.77035,39.6,0.165603,0.1238363,0.0516731,northeast
2007,Pennsylvania,64.5,4.4,2.46,8.1,3.18372,0.46000001,49226.13694,10.80418,39.7,0.1531323,0.1242074,0.0546097,northeast
2008,Pennsylvania,65.2,5.3,2.44,8.5,2.89197,0.45699999,50113.21376,10.82204,40,0.1542418,0.1273747,0.0588516,northeast
2009,Pennsylvania,64.4,8,2.47,8.6,3.25274,0.46000001,48037.15246,10.77973,39.9,0.1480823,0.1302167,0.0634764,northeast
2010,Pennsylvania,63.5,8.5,2.49,9.3,4.24875,0.461,48976.2125,10.79909,40.2,0.1386469,0.1363931,0.0715656,northeast
2011,Pennsylvania,63.2,7.9,2.49,9.6,2.90358,0.46110001,49547.14899,10.81068,40.3,0.1350005,0.1362359,0.0745777,northeast
2012,Pennsylvania,63.6,7.8,2.49,9.5,3.68236,0.46419999,50246.18989,10.82469,40.5,0.1294119,0.1394988,0.0778065,northeast
2013,Pennsylvania,63.3,7.4,2.5,9.3,3.05312,0.46959999,50988.73475,10.83936,40.6,0.1240738,0.1409771,0.0808577,northeast
2014,Pennsylvania,62.7,5.9,2.5,9.4,3.36274,0.4686,51989.13326,10.85879,40.7,0.1202909,0.1425752,0.084274,northeast
2015,Pennsylvania,62.8,5.3,2.5,9.1,3.82738,0.46849999,52948.23409,10.87707,40.7,0.1124898,0.1424085,0.087983,northeast
2005,Rhode Island,67.6,5,2.54,9.5,3.7456,0.42700002,50661.42237,10.83292,38.4,0.2153819,0.0568968,0.1379281,northeast
2006,Rhode Island,68.4,4.9,2.53,7.8,1.88129,0.442,50128.75126,10.82235,38.4,0.2459707,0.0584674,0.1396753,northeast
2007,Rhode Island,68.4,5.2,2.53,8.3,0.945796,0.45699999,49239.92219,10.80446,38.3,0.2566365,0.0624854,0.1426363,northeast
2008,Rhode Island,68,7.8,2.54,7.7,1.90333,0.46000001,48008.8189,10.77914,38.8,0.2276071,0.0694309,0.1484174,northeast
2009,Rhode Island,67.4,11,2.5,8.6,0.949479,0.45699999,47676.79116,10.7722,39.4,0.2301859,0.0771665,0.1536771,northeast
2010,Rhode Island,67.3,11.2,2.51,9.2,2.84931,0.46700001,48882.26839,10.79717,39.6,0.2426813,0.0781493,0.1634379,northeast
2011,Rhode Island,66.3,11,2.45,10.6,7.60961,0.46740001,48767.04225,10.79481,39.5,0.2067021,0.07951,0.168953,northeast
2012,Rhode Island,65.9,10.4,2.44,9.2,1.90423,0.46470001,49169.06773,10.80302,39.8,0.2042388,0.0857042,0.1750341,northeast
2013,Rhode Island,65.5,9.3,2.49,10.7,7.6081,0.47690001,49533.27773,10.8104,39.9,0.189177,0.0860892,0.1820834,northeast
2014,Rhode Island,65.2,7.7,2.47,10,3.79085,0.48269999,49478.32629,10.80929,39.8,0.1883664,0.0903509,0.189527,northeast
2015,Rhode Island,64.8,6,2.49,10.1,2.84011,0.47319999,50178.4033,10.82334,39.7,0.1688273,0.0845035,0.1961974,northeast
2005,South Carolina,64,6.7,2.51,12.5,0,0.46500003,40489.98749,10.60881,37.1,0.2665976,0.4329528,0.049941,south
2006,South Carolina,63.8,6.4,2.52,11.9,0.688413,0.46200001,39418.87336,10.582,37.1,0.2818893,0.4370121,0.0526453,south
2007,South Carolina,63,5.7,2.5,11.2,0.900068,0.45899999,39723.57027,10.5897,37.4,0.2541353,0.434423,0.0577687,south
2008,South Carolina,62.3,6.8,2.55,11.6,1.78579,0.46399999,38971.27051,10.57058,37.6,0.2543898,0.4315282,0.0625076,south
2009,South Carolina,61.7,11.2,2.55,12.9,1.53467,0.46200001,36579.7468,10.50725,37.5,0.2427293,0.4311301,0.0689858,south
2010,South Carolina,60.5,11.2,2.55,13.8,0.431377,0.461,36702.86146,10.51061,37.8,0.2227528,0.4385258,0.077804,south
2011,South Carolina,60.2,10.6,2.57,14.3,2.35081,0.4648,37212.87193,10.52441,38,0.2314516,0.4364333,0.0805949,south
2012,South Carolina,59.8,9.2,2.57,14.1,0.423395,0.4684,37126.26687,10.52208,38.3,0.2068817,0.4332632,0.0827892,south
2013,South Carolina,59.2,7.6,2.58,14.1,1.04716,0.46650001,37475.77488,10.53145,38.6,0.1933264,0.4332207,0.0831439,south
2014,South Carolina,59.2,6.5,2.57,13.2,1.44853,0.46869999,37927.05543,10.54342,38.8,0.1730323,0.4283884,0.0835134,south
2015,South Carolina,59.4,6,2.56,12.1,0.612727,0.4698,38636.00915,10.56194,39,0.1651373,0.4308324,0.0841575,south
2005,South Dakota,73,3.8,2.4,9.7,3.86851,0.45500001,48130.91629,10.78168,37,0.2087625,0.0090574,0.0217772,midwest
2006,South Dakota,72.8,3.1,2.41,8.4,16.6021,0.43900001,46627.69701,10.74995,37.3,0.2223807,0.0076211,0.0229713,midwest
2007,South Dakota,73.2,2.8,2.45,8.9,5.05291,0.42300001,47798.04414,10.77474,37.1,0.2162489,0.0121359,0.0240018,midwest
2008,South Dakota,73,3.1,2.42,8.2,13.6783,0.44600001,49295.59475,10.80559,37.6,0.1708432,0.0109771,0.0273814,midwest
2009,South Dakota,72.2,4.9,2.47,9,9.84757,0.45199999,48907.69378,10.79769,36.8,0.179432,0.0123403,0.0290886,midwest
2010,South Dakota,71.3,5,2.45,9.2,11.0232,0.442,49150.87854,10.80265,37.3,0.1771136,0.0155508,0.0296265,midwest
2011,South Dakota,70.7,4.7,2.44,9.6,9.70777,0.43239999,51928.86083,10.85763,37.1,0.1568762,0.0136583,0.0328635,midwest
2012,South Dakota,70.1,4.3,2.47,8.6,10.7997,0.43349999,52132.30014,10.86154,36.7,0.1618946,0.0186899,0.0354601,midwest
2013,South Dakota,69.4,3.8,2.45,9.2,3.55081,0.4427,51607.89791,10.85143,36.6,0.131929,0.0184406,0.0385606,midwest
2014,South Dakota,69.4,3.4,2.45,9.4,1.17209,0.44679999,51688.98595,10.853,36.6,0.1226916,0.0208995,0.040473,midwest
2015,South Dakota,69.4,3.1,2.43,8.3,6.98919,0.4436,52728.42695,10.87291,36.9,0.1253963,0.0185343,0.0423242,midwest
2005,Tennessee,63,5.6,2.46,12.5,6.00895,0.465,45546.54276,10.72649,37.3,0.3249148,0.2094394,0.0380833,south
2006,Tennessee,64.7,5.2,2.48,12.4,5.74829,0.46799999,44953.32463,10.71338,37.2,0.3504246,0.2154695,0.0401361,south
2007,Tennessee,64.4,4.7,2.49,12,6.80082,0.47099999,43652.24536,10.68401,37.5,0.3263775,0.2156172,0.0445437,south
2008,Tennessee,63.4,6.6,2.49,11.6,3.53989,0.47099999,43767.63954,10.68665,37.7,0.2880301,0.2122003,0.0476204,south
2009,Tennessee,62.7,10.5,2.51,13.1,3.33532,0.46700001,41773.18895,10.64001,37.7,0.2804648,0.2158669,0.0535437,south
2010,Tennessee,62.8,9.7,2.54,13.4,3.3035,0.46799999,41958.65468,10.64444,38,0.2701048,0.2218666,0.0598242,south
2011,Tennessee,62.9,9,2.53,13.7,2.65486,0.4756,42915.57102,10.66699,38.3,0.2585181,0.2221131,0.0614241,south
2012,Tennessee,61.8,7.8,2.54,13.7,4.80155,0.47319999,43945.25791,10.6907,38.2,0.2366908,0.2255287,0.0635747,south
2013,Tennessee,60.6,7.8,2.55,13.3,4.61824,0.47830001,44150.52071,10.69536,38.5,0.2269236,0.2267449,0.0635989,south
2014,Tennessee,59.2,6.6,2.55,13.7,2.90105,0.48109999,44512.26286,10.70352,38.6,0.214332,0.2264101,0.066027,south
2015,Tennessee,59.4,5.6,2.55,12.3,5.15128,0.47889999,45540.6221,10.72636,38.7,0.2061412,0.2266236,0.0680557,south
2005,Texas,66.9,5.4,2.79,14.2,3.02923,0.47500002,50865.99985,10.83695,33.2,0.4127312,0.2210092,0.7251454,south
2006,Texas,66.6,4.9,2.83,13.3,2.09764,0.47400001,51484.70231,10.84904,33.1,0.4242434,0.2366808,0.7414545,south
2007,Texas,65.7,4.3,2.83,12.8,2.30782,0.47299999,53308.44285,10.88385,33.2,0.4138149,0.2383336,0.7540615,south
2008,Texas,65.8,4.8,2.82,12.4,4.60394,0.47400001,52442.88754,10.86748,33.2,0.4100932,0.2420125,0.7721478,south
2009,Texas,65.8,7.6,2.84,13.4,3.99479,0.47400001,51304.30778,10.84553,33.1,0.3985483,0.2474211,0.7924486,south
2010,Texas,65.9,8.1,2.82,13.8,2.81109,0.46900001,51538.78964,10.85009,33.6,0.3748796,0.2602182,0.8352478,south
2011,Texas,65.9,7.8,2.84,14.4,3.4275,0.47710001,52339.15335,10.8655,33.7,0.3600121,0.2622548,0.8526151,south
2012,Texas,65.5,6.7,2.84,14,3.87579,0.47670001,54160.65493,10.89971,33.9,0.3443771,0.2682433,0.8620785,south
2013,Texas,65.3,6.3,2.84,13.6,6.27642,0.48069999,55660.16503,10.92702,34,0.3309998,0.270391,0.8736164,south
2014,Texas,64.9,5.1,2.84,13.4,3.78381,0.48269999,56102.18281,10.93493,34.3,0.3247893,0.2762939,0.8889716,south
2015,Texas,63.8,4.4,2.85,12.2,3.31281,0.48230001,57881.89961,10.96616,34.4,0.3147226,0.2796232,0.9048037,south
2005,Utah,71.6,4.1,3.07,8,2.44129,0.41099998,44965.01401,10.71364,28.5,0.1005815,0.008613,0.1301977,west
2006,Utah,71.8,3,3.08,7.8,0.39596,0.41,46555.94562,10.74841,28.4,0.1186887,0.0100845,0.135442,west
2007,Utah,71.9,2.6,3.11,6.9,2.69464,0.40900001,47063.35727,10.75925,28.4,0.110014,0.0108108,0.1409645,west
2008,Utah,70.9,3.6,3.15,6.6,1.8272,0.41100001,45125.82599,10.71721,28.7,0.1121488,0.0134264,0.1472683,west
2009,Utah,69.2,7.3,3.17,7.8,1.07737,0.414,43378.96825,10.67773,28.9,0.1185684,0.0143494,0.1520386,west
2010,Utah,68.8,7.8,3.1,9.7,0.36017,0.419,44419.77357,10.70144,29.2,0.1052219,0.012868,0.1622812,west
2011,Utah,67.8,6.7,3.13,10.4,0.709919,0.4249,45101.01361,10.71666,29.6,0.1061087,0.0144537,0.1657224,west
2012,Utah,67.8,5.4,3.14,9.6,0.350228,0.4244,45081.62434,10.71623,29.9,0.0984359,0.0139528,0.166498,west
2013,Utah,68.2,4.6,3.17,9.3,1.03417,0.42590001,45469.63411,10.7248,30.2,0.0934431,0.014198,0.1680014,west
2014,Utah,68,3.8,3.16,8.5,0.679601,0.42829999,46175.28605,10.7402,30.5,0.0956294,0.0143841,0.1704032,west
2015,Utah,68.2,3.6,3.17,8.3,0,0.42519999,47180.21925,10.76173,30.6,0.0900449,0.0146031,0.1731313,west
2005,Vermont,70.8,3.5,2.42,7.7,3.2195,0.41199997,44678.60363,10.70725,40.7,0.1183772,0.0048858,0.0090175,northeast
2006,Vermont,71.5,3.7,2.38,6.7,0,0.41999999,43487.98622,10.68024,40.6,0.1093134,0.0079143,0.0111357,northeast
2007,Vermont,70.4,4,2.38,6.4,1.6039,0.428,43141.03883,10.67223,40.6,0.1008689,0.006274,0.0136283,northeast
2008,Vermont,70.3,4.7,2.4,6.5,8.04803,0.43399999,44162.88458,10.69564,41.5,0.1069535,0.0078806,0.0128767,northeast
2009,Vermont,71,6.6,2.38,7.3,0,0.428,43419.76365,10.67867,41.5,0.091955,0.0087325,0.0153043,northeast
2010,Vermont,70.8,6.1,2.34,8.4,3.19509,0.44400001,44908.84286,10.71239,41.5,0.0906505,0.0111241,0.0164252,northeast
2011,Vermont,70.2,5.5,2.34,6.9,7.98173,0.43079999,45868.32176,10.73353,42,0.0778543,0.0088165,0.0155044,northeast
2012,Vermont,69.4,5,2.32,7.4,4.79225,0.43920001,46145.28187,10.73955,42.4,0.0811485,0.0109005,0.0167087,northeast
2013,Vermont,68.4,4.4,2.37,7.8,1.59584,0.45370001,45479.18374,10.72501,42.5,0.0901442,0.0122004,0.0162118,northeast
2014,Vermont,67.6,3.9,2.34,8.7,1.59601,0.44060001,45471.45293,10.72484,42.8,0.0795024,0.010553,0.0184472,northeast
2015,Vermont,67,3.6,2.36,5.8,1.59734,0.4452,46011.19429,10.73664,43.1,0.0759107,0.0136719,0.0178199,northeast
2005,Virginia,68.3,3.6,2.54,7.4,3.29942,0.456,56608.24925,10.94391,37.2,0.1659791,0.2766396,0.0875647,south
2006,Virginia,68.7,3.1,2.55,6.8,6.64605,0.456,55441.84985,10.92309,36.9,0.1709599,0.2870325,0.09113,south
2007,Virginia,68.9,3,2.55,7.1,4.64456,0.456,55367.60752,10.92175,37,0.1612476,0.2882,0.0967577,south
2008,Virginia,69.7,3.9,2.54,7.3,9.52493,0.46000001,54807.37258,10.91158,37.5,0.1678901,0.292983,0.1020979,south
2009,Virginia,68.6,6.7,2.57,7.5,7.86544,0.456,53990.31729,10.89656,37,0.1548335,0.2959802,0.1082515,south
2010,Virginia,67.7,7.1,2.6,7.7,7.72622,0.45899999,54490.95481,10.90579,37.5,0.1599853,0.3020923,0.1212821,south
2011,Virginia,67.5,6.6,2.63,8.2,7.03999,0.4632,54542.74581,10.90674,37.6,0.1372476,0.3035516,0.1245325,south
2012,Virginia,66.9,6.1,2.61,8.6,5.00863,0.46610001,54355.98467,10.90331,37.5,0.1397942,0.3011285,0.1314303,south
2013,Virginia,66.4,5.7,2.62,8.4,6.77933,0.46720001,54060.00974,10.89785,37.6,0.1298495,0.3035353,0.134946,south
2014,Virginia,65.9,5.2,2.62,8.3,4.68396,0.46579999,53508.7248,10.8876,37.7,0.1299845,0.3054698,0.1396204,south
2015,Virginia,64.9,4.5,2.62,7.8,5.72588,0.46810001,54168.77964,10.89986,37.8,0.1219979,0.3078228,0.143784,south
2005,Washington,67.7,5.6,2.51,8.4,2.07757,0.44199997,55864.25449,10.93068,36.7,0.1297528,0.0417025,0.1146761,west
2006,Washington,67.6,5,2.53,8,0.313935,0.44299999,55769.36593,10.92898,36.7,0.1346955,0.043251,0.1187071,west
2007,Washington,68,4.7,2.53,7.8,1.39285,0.44400001,58469.46903,10.97626,37.1,0.1306545,0.0428339,0.1242685,west
2008,Washington,68.4,5.4,2.51,7.7,1.83228,0.442,58385.33358,10.97482,37.3,0.1335284,0.0445367,0.1305927,west
2009,Washington,68.3,9.2,2.55,8.1,0.450167,0.43900001,55930.21322,10.93186,36.9,0.1267714,0.0462903,0.1386212,west
2010,Washington,66.9,10,2.53,9.2,1.18615,0.44100001,56527.92258,10.94249,37.2,0.1328773,0.048915,0.1555615,west
2011,Washington,65.2,9.3,2.54,9.4,1.02488,0.44490001,56783.43927,10.947,37.3,0.1320489,0.0487754,0.1605853,west
2012,Washington,64.6,8.1,2.56,9.3,1.01493,0.44980001,58121.44618,10.97029,37.5,0.1262094,0.0504625,0.1639109,west
2013,Washington,63.7,7,2.58,9.5,0.717215,0.45719999,58975.06462,10.98487,37.4,0.1218487,0.0524797,0.1683594,west
2014,Washington,63.3,6.1,2.58,8.8,0.991287,0.4542,60232.65945,11.00597,37.5,0.1221409,0.0506642,0.173112,west
2015,Washington,63.2,5.6,2.58,7.9,0.697316,0.45609999,61832.22824,11.03218,37.5,0.1148206,0.0525433,0.1773947,west
2005,West Virginia,55.1,5.1,2.39,14,9.33815,0.44,36996.55207,10.51858,40.7,0.4135658,0.0321549,0.0060474,south
2006,West Virginia,56,4.9,2.39,12.7,4.92366,0.447,36533.68534,10.50599,40.7,0.4295388,0.0341907,0.0084032,south
2007,West Virginia,56.2,4.6,2.41,13,1.09048,0.454,36711.30409,10.51084,40.4,0.4049589,0.0366864,0.0113144,south
2008,West Virginia,56.1,4.3,2.36,12.4,3.30675,0.45300001,37415.11327,10.52983,40.6,0.3878328,0.0364144,0.0120271,south
2009,West Virginia,56,7.7,2.37,13.9,2.19807,0.463,37128.12323,10.52213,40.8,0.3749026,0.0331534,0.0127014,south
2010,West Virginia,54.9,8.7,2.43,13.2,4.85444,0.45100001,36917.09493,10.51643,41.2,0.3467037,0.0332811,0.0127421,south
2011,West Virginia,54.3,8.1,2.46,13.7,2.69489,0.47209999,37544.0429,10.53327,41.4,0.3153643,0.0325392,0.0123384,south
2012,West Virginia,54.3,7.5,2.44,12.9,3.77274,0.46380001,37403.51639,10.52952,41.5,0.3009963,0.0356037,0.0137761,south
2013,West Virginia,53.7,6.8,2.44,13.5,5.93215,0.46470001,37835.76128,10.54101,41.7,0.2852279,0.0365593,0.0154801,south
2014,West Virginia,53.2,6.6,2.45,13.1,11.8898,0.45460001,37747.70658,10.53868,41.9,0.2586956,0.0398559,0.0143029,south
2015,West Virginia,52.9,6.7,2.44,13.5,2.71131,0.45809999,37685.85108,10.53704,42.2,0.2281714,0.041828,0.0156651,south
2005,Wisconsin,70.5,4.7,2.42,7,3.60609,0.41999999,48767.52993,10.79482,37.9,0.1529626,0.0658151,0.0524155,midwest
2006,Wisconsin,70.7,4.7,2.42,7.3,2.86859,0.42399999,47956.51779,10.77805,37.6,0.1615147,0.0683397,0.0538939,midwest
2007,Wisconsin,70.9,4.9,2.43,7.1,2.13874,0.428,47831.51448,10.77544,38,0.144936,0.0692813,0.0565313,midwest
2008,Wisconsin,70.4,4.9,2.43,6.7,1.0661,0.426,47021.01931,10.75835,38.2,0.1439579,0.0680617,0.0598469,midwest
2009,Wisconsin,70.2,8.6,2.42,8.2,1.59158,0.43200001,45473.72656,10.72489,38.4,0.1361697,0.0710359,0.0625641,midwest
2010,Wisconsin,69.5,8.7,2.43,9.1,1.23,0.43000001,46536.39623,10.74799,38.5,0.1310647,0.0739401,0.0710134,midwest
2011,Wisconsin,69.1,7.8,2.44,8.8,1.75077,0.43700001,47336.17115,10.76503,38.7,0.1281813,0.0752053,0.0728317,midwest
2012,Wisconsin,68.6,7,2.44,8.9,2.44482,0.44010001,47908.58524,10.77705,38.8,0.1226322,0.0758238,0.074786,midwest
2013,Wisconsin,68.4,6.7,2.44,9.2,2.26374,0.44459999,48093.86975,10.78091,39,0.1110288,0.0755716,0.0765234,midwest
2014,Wisconsin,68.1,5.4,2.43,9,1.56316,0.43970001,48845.62043,10.79642,39.2,0.1038071,0.076912,0.0784053,midwest
2015,Wisconsin,68,4.6,2.42,7.9,1.21289,0.44100001,49428.8727,10.80829,39.4,0.1045244,0.076729,0.0807231,midwest
2005,Wyoming,70.9,3.6,2.42,6.3,15.5595,0.38899997,66880.31783,11.11066,39.1,0.0990071,0.0071581,0.0760063,west
2006,Wyoming,71,3.2,2.42,6.3,0,0.41299999,72866.91689,11.19639,37.5,0.130321,0.0072123,0.0788349,west
2007,Wyoming,71,2.8,2.47,5.2,1.86959,0.43700001,77147.15647,11.25347,36.9,0.1068864,0.0067248,0.0805734,west
2008,Wyoming,71.4,3.1,2.48,5.7,1.87734,0.44100001,80035.85494,11.29023,36.6,0.0981383,0.0122615,0.0891756,west
2009,Wyoming,71.8,6.3,2.48,6.3,3.67465,0.41499999,76038.11449,11.23899,36.7,0.1052103,0.0109945,0.0938523,west
2010,Wyoming,70.4,6.4,2.47,7.2,1.77161,0.42300001,70512.12783,11.16354,36.7,0.1081432,0.0095253,0.104698,west
2011,Wyoming,70.2,5.8,2.49,7.9,8.80037,0.40810001,69338.80603,11.14676,36.8,0.0745843,0.0104491,0.1064826,west
2012,Wyoming,69.3,5.3,2.52,8.5,5.20461,0.41659999,66673.97661,11.10757,36.9,0.0924182,0.0117292,0.1113781,west
2013,Wyoming,68.4,4.7,2.54,8.4,5.14882,0.4183,66083.21102,11.09867,36.6,0.0553023,0.0150612,0.1048026,west
2014,Wyoming,68.1,4.1,2.45,7.4,0,0.42699999,66011.21957,11.09758,36.6,0.0809906,0.0128745,0.1162476,west
2015,Wyoming,67.5,4.3,2.5,6.7,0,0.43740001,67507.90627,11.12,36.5,0.0761805,0.0095949,0.1174139,west